"Gene","Non-unique Gene name","Annotation","No. isolates","No. sequences","Avg sequences per isolate","Genome Fragment","Order within Fragment","Accessory Fragment","Accessory Order with Fragment","QC","Min group size nuc","Max group size nuc","Avg group size nuc","GCF_000292685","GCF_000298385","GCF_000300075","GCF_002849995","GCF_902713755"
"g0213_0002__g0213","secE","hypothetical protein","5","0","1","1","1","NA","NA","","NA(4):secE(1)","336","345","GCF_000292685_00058","GCF_000298385_00058","GCF_000300075_00055","GCF_002849995_00066","GCF_902713755_00140"
"g0174_0002__g0174","nusG","Transcription termination/antitermination protein NusG","5","0","1","1","2","NA","NA","","nusG(5)","525","558","GCF_000292685_00059","GCF_000298385_00059","GCF_000300075_00056","GCF_002849995_00067","GCF_902713755_00139"
"g0196_0003__g0196","rplK","50S ribosomal protein L11","5","0","1","1","3","NA","NA","","rplK(5)","438","438","GCF_000292685_00060","GCF_000298385_00060","GCF_000300075_00057","GCF_002849995_00068","GCF_902713755_00138"
"g0154__g0154","rplA","50S ribosomal protein L1","5","0","1","1","4","NA","NA","","rplA(5)","666","690","GCF_000292685_00061","GCF_000298385_00061","GCF_000300075_00058","GCF_002849995_00069","GCF_902713755_00137"
"g0183_0002__g0183","rplJ","hypothetical protein","5","0","1","1","5","NA","NA","","NA(4):rplJ(1)","501","501","GCF_000292685_00062","GCF_000298385_00062","GCF_000300075_00059","GCF_002849995_00070","GCF_902713755_00136"
"g0207_0003__g0207","rplL","50S ribosomal protein L7/L12","5","0","1","1","6","NA","NA","","rplL(5)","366","366","GCF_000292685_00063","GCF_000298385_00063","GCF_000300075_00060","GCF_002849995_00071","GCF_902713755_00135"
"g0039_0003__g0039","rpoB","DNA-directed RNA polymerase subunit beta","5","0","1","1","7","NA","NA","","rpoB(5)","4068","4080","GCF_000292685_00064","GCF_000298385_00064","GCF_000300075_00061","GCF_002849995_00072","GCF_902713755_00134"
"g0038_0004__g0038","rpoC","DNA-directed RNA polymerase subunit beta'","5","0","1","1","8","NA","NA","","rpoC(5)","3954","4125","GCF_000292685_00065","GCF_000298385_00065","GCF_000300075_00062","GCF_002849995_00074","GCF_902713755_00133"
"g0205_0004__g0205","rpsL","30S ribosomal protein S12","5","0","1","1","9","NA","NA","","rpsL(5)","369","375","GCF_000292685_00066","GCF_000298385_00066","GCF_000300075_00063","GCF_002849995_00075","GCF_902713755_00132"
"g0188_0003__g0188","rpsG","30S ribosomal protein S7","5","0","1","1","10","NA","NA","","rpsG(5)","474","474","GCF_000292685_00067","GCF_000298385_00067","GCF_000300075_00064","GCF_002849995_00076","GCF_902713755_00131"
"g0051_0003__g0051","fusA","Elongation factor G 1","5","0","1","1","11","NA","NA","","fusA(5)","2136","2196","GCF_000292685_00068","GCF_000298385_00068","GCF_000300075_00065","GCF_002849995_00077","GCF_902713755_00130"
"g0103_0004__g0103","tufA","Elongation factor Tu","5","0","1","1","12","NA","NA","","tufA(5)","1194","1200","GCF_000292685_00069","GCF_000298385_00069","GCF_000300075_00066","GCF_002849995_00078","GCF_902713755_00129"
"g0218_0003__g0218","rpsJ","30S ribosomal protein S10","5","0","1","1","13","NA","NA","","rpsJ(5)","315","315","GCF_000292685_00070","GCF_000298385_00070","GCF_000300075_00067","GCF_002849995_00079","GCF_902713755_00128"
"g0025_0002__g0025","rplC","50S ribosomal protein L3","5","0","1","1","14","NA","NA","","rplC(5)","585","594","GCF_000292685_00071","GCF_000298385_00071","GCF_000300075_00068","GCF_002849995_00080","GCF_902713755_00127"
"g0164_0002__g0164","rplD","50S ribosomal protein L4","5","0","1","1","15","NA","NA","","rplD(5)","615","615","GCF_000292685_00072","GCF_000298385_00072","GCF_000300075_00069","GCF_002849995_00081","GCF_902713755_00126"
"g0226_0002__g0226","rplW","50S ribosomal protein L23","5","0","1","1","16","NA","NA","","rplW(5)","258","279","GCF_000292685_00073","GCF_000298385_00073","GCF_000300075_00070","GCF_002849995_00082","GCF_902713755_00125"
"g0021_0003__g0021","rplB","50S ribosomal protein L2","5","0","1","1","17","NA","NA","","rplB(5)","801","807","GCF_000292685_00074","GCF_000298385_00074","GCF_000300075_00071","GCF_002849995_00083","GCF_902713755_00124"
"g0219_0003__g0219","rpsS","30S ribosomal protein S19","5","0","1","1","18","NA","NA","","rpsS(5)","279","312","GCF_000292685_00075","GCF_000298385_00075","GCF_000300075_00072","GCF_002849995_00084","GCF_902713755_00123"
"g0215_0002__g0215","rplV","50S ribosomal protein L22","5","0","1","1","19","NA","NA","","rplV(5)","342","342","GCF_000292685_00076","GCF_000298385_00076","GCF_000300075_00073","GCF_002849995_00085","GCF_902713755_00122"
"g0155_0003__g0155","rpsC","30S ribosomal protein S3","5","0","1","1","20","NA","NA","","rpsC(5)","681","681","GCF_000292685_00077","GCF_000298385_00077","GCF_000300075_00074","GCF_002849995_00086","GCF_902713755_00121"
"g0201_0004__g0201","rplP","50S ribosomal protein L16","5","0","1","1","21","NA","NA","","rplP(5)","414","414","GCF_000292685_00078","GCF_000298385_00078","GCF_000300075_00075","GCF_002849995_00087","GCF_902713755_00120"
"g0239_0002__g0239","rpmC","50S ribosomal protein L29","5","0","1","1","22","NA","NA","","rpmC(5)","192","195","GCF_000292685_00079","GCF_000298385_00079","GCF_000300075_00076","GCF_002849995_00088","GCF_902713755_00119"
"g0034_0003__g0034","rpsQ","30S ribosomal protein S17","5","0","1","1","23","NA","NA","","rpsQ(5)","252","258","GCF_000292685_00080","GCF_000298385_00080","GCF_000300075_00077","GCF_002849995_00089","GCF_902713755_00118"
"g0007_0005__g0007","rplN","50S ribosomal protein L14","5","0","1","1","24","NA","NA","","rplN(6)","189","372","GCF_000292685_00081","GCF_000298385_00081","GCF_000300075_00078","GCF_002849995_00090;GCF_002849995_00091","GCF_902713755_00117"
"g0223_0002__g0223","rplX","50S ribosomal protein L24","5","0","1","1","25","NA","NA","","rplX(5)","303","303","GCF_000292685_00082","GCF_000298385_00082","GCF_000300075_00079","GCF_002849995_00092","GCF_902713755_00116"
"g0182_0002__g0182","rplE","50S ribosomal protein L5","5","0","1","1","26","NA","NA","","rplE(5)","504","507","GCF_000292685_00083","GCF_000298385_00083","GCF_000300075_00080","GCF_002849995_00093","GCF_902713755_00115"
"g0221_0003__g0221","rpsN","30S ribosomal protein S14","5","0","1","1","27","NA","NA","","rpsN(5)","306","306","GCF_000292685_00084","GCF_000298385_00084","GCF_000300075_00081","GCF_002849995_00094","GCF_902713755_00114"
"g0203_0002__g0203","rpsH","30S ribosomal protein S8","5","0","1","1","28","NA","NA","","rpsH(5)","384","390","GCF_000292685_00085","GCF_000298385_00085","GCF_000300075_00082","GCF_002849995_00095","GCF_902713755_00113"
"g0176_0002__g0176","rplF","50S ribosomal protein L6","5","0","1","1","29","NA","NA","","rplF(5)","528","531","GCF_000292685_00086","GCF_000298385_00086","GCF_000300075_00083","GCF_002849995_00096","GCF_902713755_00112"
"g0208_0001__g0208","rplR","50S ribosomal protein L18","5","0","1","1","30","NA","NA","","rplR(5)","351","354","GCF_000292685_00087","GCF_000298385_00087","GCF_000300075_00084","GCF_002849995_00097","GCF_902713755_00111"
"g0180_0003__g0180","rpsE","30S ribosomal protein S5","5","0","1","1","31","NA","NA","","rpsE(5)","516","516","GCF_000292685_00088","GCF_000298385_00088","GCF_000300075_00085","GCF_002849995_00098","GCF_902713755_00110"
"g0191_0001__g0191","rplO","50S ribosomal protein L15","5","0","1","1","32","NA","NA","","rplO(5)","429","453","GCF_000292685_00089","GCF_000298385_00089","GCF_000300075_00086","GCF_002849995_00099","GCF_902713755_00108"
"g0015_0001__g0015","secY","Protein translocase subunit SecY","5","0","1","1","33","NA","NA","","secY(5)","1194","1371","GCF_000292685_00090","GCF_000298385_00090","GCF_000300075_00087","GCF_002849995_00100","GCF_902713755_00107"
"g0206_0003__g0206","rpsM","30S ribosomal protein S13","5","0","1","1","34","NA","NA","","rpsM(5)","351","369","GCF_000292685_00092","GCF_000298385_00092","GCF_000300075_00089","GCF_002849995_00102","GCF_902713755_00105"
"g0202_0003__g0202","rpsK","30S ribosomal protein S11","5","0","1","1","35","NA","NA","","rpsK(5)","381","393","GCF_000292685_00093","GCF_000298385_00093","GCF_000300075_00090","GCF_002849995_00103","GCF_902713755_00104"
"g0162_0003__g0162","rpsD","30S ribosomal protein S4","5","0","1","1","36","NA","NA","","rpsD(5)","612","624","GCF_000292685_00094","GCF_000298385_00094","GCF_000300075_00091","GCF_002849995_00104","GCF_902713755_00103"
"g0128_0003__g0128","rpoA","DNA-directed RNA polymerase subunit alpha","5","0","1","1","37","NA","NA","","rpoA(5)","978","990","GCF_000292685_00095","GCF_000298385_00095","GCF_000300075_00092","GCF_002849995_00105","GCF_902713755_00102"
"g0210_0003__g0210","rplQ","50S ribosomal protein L17","5","0","1","1","38","NA","NA","","rplQ(5)","351","351","GCF_000292685_00096","GCF_000298385_00096","GCF_000300075_00093","GCF_002849995_00106","GCF_902713755_00101"
"g0065_0004__g0065","groL","60 kDa chaperonin","5","0","1","2","1","NA","NA","","groL(5)","1632","1638","GCF_000292685_00217","GCF_000298385_00215","GCF_000300075_00215","GCF_002849995_00236","GCF_902713755_00217"
"g0224_0003__g0224","groS","10 kDa chaperonin","5","0","1","2","2","NA","NA","","groS(5)","291","294","GCF_000292685_00218","GCF_000298385_00216","GCF_000300075_00216","GCF_002849995_00237","GCF_902713755_00216"
"g0102_0001__g0102","argG","Argininosuccinate synthase","5","0","1","2","3","NA","NA","","argG(5)","1083","1218","GCF_000292685_00219","GCF_000298385_00217","GCF_000300075_00217","GCF_002849995_00238","GCF_902713755_00215"
"g0216_0002__g0216","grxD","Glutaredoxin 4","5","0","1","2","4","NA","NA","","grxD(5)","318","339","GCF_000292685_00220","GCF_000298385_00218","GCF_000300075_00218","GCF_002849995_00239","GCF_902713755_00214"
"g0073_0002__g0073","trpE","Anthranilate synthase component 1","5","0","1","2","5","NA","NA","","trpE(5)","1467","1482","GCF_000292685_00222","GCF_000298385_00220","GCF_000300075_00220","GCF_002849995_00241","GCF_902713755_00213"
"g0169_0003__g0169","trpG","Anthranilate synthase component 2","5","0","1","2","6","NA","NA","","trpG(5)","579","579","GCF_000292685_00223","GCF_000298385_00221","GCF_000300075_00221","GCF_002849995_00242","GCF_902713755_00212"
"g0122_0003__g0122","trpD","Anthranilate phosphoribosyltransferase","5","0","1","2","7","NA","NA","","trpD(5)","1023","1023","GCF_000292685_00224","GCF_000298385_00222","GCF_000300075_00222","GCF_002849995_00243","GCF_902713755_00211"
"g0146_0003__g0146","trpC","Indole-3-glycerol phosphate synthase","5","0","1","2","8","NA","NA","","trpC(5)","816","819","GCF_000292685_00225","GCF_000298385_00223","GCF_000300075_00223","GCF_002849995_00244","GCF_902713755_00210"
"g0171_0001__g0171","rplY","50S ribosomal protein L25","5","0","1","2","9","NA","NA","","rplY(5)","555","573","GCF_000292685_00226","GCF_000298385_00225","GCF_000300075_00224","GCF_002849995_00245","GCF_902713755_00209"
"g0131_0003__g0131","prs","Ribose-phosphate pyrophosphokinase","5","0","1","2","10","NA","NA","","prs(5)","948","948","GCF_000292685_00227","GCF_000298385_00226","GCF_000300075_00225","GCF_002849995_00246","GCF_902713755_00208"
"g0005_1_0003__g0005_1","prfA","Peptide chain release factor RF1","5","0","1","2","11","NA","NA","","prfA(5)","1095","1098","GCF_000292685_00228","GCF_000298385_00227","GCF_000300075_00226","GCF_002849995_00247","GCF_902713755_00207"
"g0106_0002__g0106","NA","hypothetical protein","5","0","1","2","12","NA","NA","","NA(5)","1134","1140","GCF_000292685_00229","GCF_000298385_00228","GCF_000300075_00227","GCF_002849995_00248","GCF_902713755_00206"
"g0141_0002__g0141","crtB","15-cis-phytoene synthase","5","0","1","2","13","NA","NA","","crtB(5)","855","864","GCF_000292685_00230","GCF_000298385_00229","GCF_000300075_00228","GCF_002849995_00249","GCF_902713755_00205"
"g0075_0002__g0075","crtI","Phytoene desaturase (lycopene-forming)","5","0","1","2","14","NA","NA","","crtI(5)","1461","1464","GCF_000292685_00231","GCF_000298385_00230","GCF_000300075_00229","GCF_002849995_00250","GCF_902713755_00204"
"g0078_0002__g0078","gatB","Aspartyl/glutamyl-tRNA(Asn/Gln) amidotransferase subunit B","5","0","1","2","15","NA","NA","","gatB(5)","1419","1422","GCF_000292685_00232","GCF_000298385_00231","GCF_000300075_00230","GCF_002849995_00251","GCF_902713755_00203"
"g0079_0003__g0079","gatA","Glutamyl-tRNA(Gln) amidotransferase subunit A","5","0","1","2","16","NA","NA","","gatA(5)","1422","1422","GCF_000292685_00233","GCF_000298385_00232","GCF_000300075_00231","GCF_002849995_00252","GCF_902713755_00202"
"g0229__g0229","NA","hypothetical protein","5","0","1","2","17","NA","NA","","NA(5)","258","264","GCF_000292685_00234","GCF_000298385_00233","GCF_000300075_00232","GCF_002849995_00253","GCF_902713755_00201"
"g0159_0004__g0159","hisG","ATP phosphoribosyltransferase","5","0","1","2","18","NA","NA","","hisG(5)","627","645","GCF_000292685_00235","GCF_000298385_00234","GCF_000300075_00233","GCF_002849995_00254","GCF_902713755_00200"
"g0030_0003__g0030","rplM","50S ribosomal protein L13","5","0","1","2","19","NA","NA","","rplM(5)","429","429","GCF_000292685_00236","GCF_000298385_00235","GCF_000300075_00234","GCF_002849995_00255","GCF_902713755_00199"
"g0204_0003__g0204","rpsI","30S ribosomal protein S9","5","0","1","2","20","NA","NA","","rpsI(5)","384","384","GCF_000292685_00237","GCF_000298385_00236","GCF_000300075_00235","GCF_002849995_00256","GCF_902713755_00198"
"g0019__g0019","rsmH","Ribosomal RNA small subunit methyltransferase H","5","0","1","2","21","NA","NA","","rsmH(6)","303","1065","GCF_000292685_00238","GCF_000298385_00237","GCF_000300075_00236","GCF_002849995_00257","GCF_902713755_00196;GCF_902713755_00197"
"g0156_0003__g0156","rpsB","30S ribosomal protein S2","5","0","1","3","1","NA","NA","","rpsB(5)","666","672","GCF_000292685_00163","GCF_000298385_00162","GCF_000300075_00161","GCF_002849995_00177","GCF_902713755_00017"
"g0148_0001__g0148","tsf","Elongation factor Ts","5","0","1","3","2","NA","NA","","tsf(5)","783","783","GCF_000292685_00162","GCF_000298385_00161","GCF_000300075_00160","GCF_002849995_00176","GCF_902713755_00018"
"g0040_0001__g0040","dnaE","DNA polymerase III subunit alpha","5","0","1","3","3","NA","NA","","dnaE(5)","2808","2820","GCF_000292685_00161","GCF_000298385_00160","GCF_000300075_00159","GCF_002849995_00175","GCF_902713755_00020"
"g0099_0002__g0099","tilS","tRNA(Ile)-lysidine synthase","5","0","1","3","4","NA","NA","","tilS(5)","1242","1251","GCF_000292685_00160","GCF_000298385_00159","GCF_000300075_00158","GCF_002849995_00174","GCF_902713755_00021"
"g0097_0004__g0097","rho","Transcription termination factor Rho","5","0","1","3","5","NA","NA","","rho(5)","1251","1266","GCF_000292685_00159","GCF_000298385_00158","GCF_000300075_00157","GCF_002849995_00173","GCF_902713755_00022"
"g0018_0003__g0018","aroF","Phospho-2-dehydro-3-deoxyheptonate aldolase%2C Tyr-sensitive","5","0","1","3","6","NA","NA","","aroF(5)","1086","1101","GCF_000292685_00158","GCF_000298385_00157","GCF_000300075_00156","GCF_002849995_00172","GCF_902713755_00023"
"g0003_0003__g0003","metE","5-methyltetrahydropteroyltriglutamate--homocysteine methyltransferase","5","0","1","3","7","NA","NA","","metE(6)","354","2298","GCF_000292685_00157","GCF_000298385_00156","GCF_000300075_00155","GCF_002849995_00170;GCF_002849995_00171","GCF_902713755_00024"
"g0211_0001__g0211","hisE","Phosphoribosyl-ATP pyrophosphatase","5","0","1","3","8","NA","NA","","hisE(5)","348","348","GCF_000292685_00156","GCF_000298385_00155","GCF_000300075_00154","GCF_002849995_00169","GCF_902713755_00025"
"g0093_0004__g0093","hslU","ATP-dependent protease ATPase subunit HslU","5","0","1","3","9","NA","NA","","hslU(5)","1293","1302","GCF_000292685_00155","GCF_000298385_00154","GCF_000300075_00153","GCF_002849995_00168","GCF_902713755_00026"
"g0178_0005__g0178","hslV","ATP-dependent protease subunit HslV","5","0","1","3","10","NA","NA","","hslV(5)","522","525","GCF_000292685_00154","GCF_000298385_00153","GCF_000300075_00152","GCF_002849995_00167","GCF_902713755_00027"
"g0236_0003__g0236","rpmE","50S ribosomal protein L31","5","0","1","3","11","NA","NA","","rpmE(5)","204","204","GCF_000292685_00153","GCF_000298385_00152","GCF_000300075_00151","GCF_002849995_00166","GCF_902713755_00028"
"g0027_0001__g0027","aroK","Shikimate kinase 1","5","0","1","3","12","NA","NA","","aroK(5)","519","522","GCF_000292685_00152","GCF_000298385_00151","GCF_000300075_00150","GCF_002849995_00165","GCF_902713755_00029"
"g0109_0002__g0109","aroB","3-dehydroquinate synthase","5","0","1","3","13","NA","NA","","aroB(5)","1098","1107","GCF_000292685_00151","GCF_000298385_00150","GCF_000300075_00149","GCF_002849995_00164","GCF_902713755_00030"
"g0067_0004__g0067","entS","Enterobactin exporter EntS","5","0","1","3","14","NA","NA","","entS(5)","1557","1623","GCF_000292685_00150","GCF_000298385_00149","GCF_000300075_00148","GCF_002849995_00163","GCF_902713755_00031"
"g0066_0003__g0066","rne","Ribonuclease E","5","0","1","3","15","NA","NA","","rne(5)","1635","1635","GCF_000292685_00149","GCF_000298385_00148","GCF_000300075_00147","GCF_002849995_00162","GCF_902713755_00032"
"g0017_0002__g0017","rluC","Ribosomal large subunit pseudouridine synthase C","5","0","1","3","16","NA","NA","","rluC(5):rpmF(4)","165","1104","GCF_000292685_00147;GCF_000292685_00148","GCF_000298385_00146;GCF_000298385_00147","GCF_000300075_00145;GCF_000300075_00146","GCF_002849995_00160;GCF_002849995_00161","GCF_902713755_00033"
"g0036_0001__g0036","acpP","Acyl carrier protein","5","0","1","3","17","NA","NA","","acpP(5)","234","234","GCF_000292685_00146","GCF_000298385_00145","GCF_000300075_00144","GCF_002849995_00159","GCF_902713755_00034"
"g0064_0002__g0064","leuA","2-isopropylmalate synthase","5","0","1","3","18","NA","NA","","leuA(5)","1626","1668","GCF_000292685_00145","GCF_000298385_00144","GCF_000300075_00143","GCF_002849995_00158","GCF_902713755_00037"
"g0232_0005__g0232","capB","Cold shock protein CapB","5","0","1","3","19","NA","NA","","capB(4):cspG(1)","207","222","GCF_000292685_00144","GCF_000298385_00143","GCF_000300075_00142","GCF_002849995_00157","GCF_902713755_00038"
"g0112_0003__g0112","aroC","Chorismate synthase","5","0","1","3","20","NA","NA","","aroC(5)","1086","1089","GCF_000292685_00143","GCF_000298385_00142","GCF_000300075_00141","GCF_002849995_00156","GCF_902713755_00039"
"g0081_0003__g0081","leuC","3-isopropylmalate dehydratase large subunit","5","0","1","3","21","NA","NA","","leuC(5)","1401","1407","GCF_000292685_00142","GCF_000298385_00141","GCF_000300075_00140","GCF_002849995_00155","GCF_902713755_00040"
"g0137_0003__g0137","dapA","4-hydroxy-tetrahydrodipicolinate synthase","5","0","1","4","1","NA","NA","","dapA(5)","876","879","GCF_000292685_00135","GCF_000298385_00135","GCF_000300075_00133","GCF_002849995_00149","GCF_902713755_00156"
"g0042_0003__g0042","aceE","Pyruvate dehydrogenase E1 component","5","0","1","4","2","NA","NA","","aceE(5)","2640","2727","GCF_000292685_00134","GCF_000298385_00134","GCF_000300075_00132","GCF_002849995_00148","GCF_902713755_00155"
"g0107_0002__g0107","aceF","Dihydrolipoyllysine-residue acetyltransferase component of pyruvate dehydrogenase complex","5","0","1","4","3","NA","NA","","aceF(5)","1068","1113","GCF_000292685_00133","GCF_000298385_00133","GCF_000300075_00131","GCF_002849995_00147","GCF_902713755_00154"
"g0225_0002__g0225","rpsF","30S ribosomal protein S6","5","0","1","4","4","NA","NA","","rpsF(5)","279","288","GCF_000292685_00114","GCF_000298385_00114","GCF_000300075_00112","GCF_002849995_00126","GCF_902713755_00153"
"g0231_0004__g0231","rpsR","30S ribosomal protein S18","5","0","1","4","5","NA","NA","","rpsR(5)","222","240","GCF_000292685_00115","GCF_000298385_00115","GCF_000300075_00113","GCF_002849995_00127","GCF_902713755_00152"
"g0029_0002__g0029","rplI","50S ribosomal protein L9","5","0","1","4","6","NA","NA","","rplI(5)","426","432","GCF_000292685_00116","GCF_000298385_00116","GCF_000300075_00114","GCF_002849995_00128","GCF_902713755_00151"
"g0087_0003__g0087","dnaB","Replicative DNA helicase","5","0","1","4","7","NA","NA","","dnaB(5)","1356","1359","GCF_000292685_00117","GCF_000298385_00117","GCF_000300075_00115","GCF_002849995_00129","GCF_902713755_00150"
"g0121_0002__g0121","tsaD","tRNA N6-adenosine threonylcarbamoyltransferase","5","0","1","4","8","NA","NA","","tsaD(5)","1023","1026","GCF_000292685_00118","GCF_000298385_00118","GCF_000300075_00116","GCF_002849995_00130","GCF_902713755_00148"
"g0235_0003__g0235","rpsU","30S ribosomal protein S21","5","0","1","4","9","NA","NA","","rpsU(5)","216","216","GCF_000292685_00119","GCF_000298385_00119","GCF_000300075_00117","GCF_002849995_00131","GCF_902713755_00147"
"g0061_0003__g0061","rpoD","RNA polymerase sigma factor RpoD","5","0","1","4","10","NA","NA","","rpoD(6)","606","1740","GCF_000292685_00120","GCF_000298385_00120","GCF_000300075_00118","GCF_002849995_00132;GCF_002849995_00133","GCF_902713755_00146"
"g0145_0003__g0145","cyoA","Cytochrome bo(3) ubiquinol oxidase subunit 2","5","0","1","4","11","NA","NA","","cyoA(5)","819","828","GCF_000292685_00121","GCF_000298385_00121","GCF_000300075_00119","GCF_002849995_00134","GCF_902713755_00145"
"g0053_0003__g0053","cyoB","Cytochrome bo(3) ubiquinol oxidase subunit 1","5","0","1","4","12","NA","NA","","cyoB(5)","1950","1950","GCF_000292685_00122","GCF_000298385_00122","GCF_000300075_00120","GCF_002849995_00135","GCF_902713755_00144"
"g0173_0003__g0173","cyoC","Cytochrome bo(3) ubiquinol oxidase subunit 3","5","0","1","4","13","NA","NA","","cyoC(5)","546","564","GCF_000292685_00123","GCF_000298385_00123","GCF_000300075_00121","GCF_002849995_00136","GCF_902713755_00143"
"g0222_0002__g0222","cyoD","hypothetical protein","5","0","1","4","14","NA","NA","","NA(4):cyoD(1)","300","306","GCF_000292685_00124","GCF_000298385_00124","GCF_000300075_00122","GCF_002849995_00137","GCF_902713755_00142"
"g0136_0002__g0136","cyoE","Protoheme IX farnesyltransferase","5","0","1","4","15","NA","NA","","cyoE(5)","852","885","GCF_000292685_00125","GCF_000298385_00125","GCF_000300075_00123","GCF_002849995_00138","GCF_902713755_00141"
"g0026_0001__g0026","miaA","hypothetical protein","5","0","1","5","1","NA","NA","","NA(4):miaA(1)","183","540","GCF_000292685_00046","GCF_000298385_00046","GCF_000300075_00043","GCF_002849995_00053","GCF_902713755_00170"
"g0033_0002__g0033","miaA","hypothetical protein","5","0","1","5","2","NA","NA","","NA(4):miaA(1)","123","330","GCF_000292685_00047","GCF_000298385_00047","GCF_000300075_00044","GCF_002849995_00054","GCF_902713755_00169"
"g0105_0003__g0105","hisZ","ATP phosphoribosyltransferase regulatory subunit","5","0","1","5","3","NA","NA","","hisZ(5)","1176","1176","GCF_000292685_00048","GCF_000298385_00048","GCF_000300075_00045","GCF_002849995_00055","GCF_902713755_00168"
"g0077_0003__g0077","sufB","FeS cluster assembly protein SufB","5","0","1","5","4","NA","NA","","sufB(5)","1422","1425","GCF_000292685_00049","GCF_000298385_00049","GCF_000300075_00046","GCF_002849995_00056","GCF_902713755_00166"
"g0152_0003__g0152","sufC","putative ATP-dependent transporter SufC","5","0","1","5","5","NA","NA","","sufC(5)","738","738","GCF_000292685_00050","GCF_000298385_00050","GCF_000300075_00047","GCF_002849995_00058","GCF_902713755_00165"
"g0120_0002__g0120","sufD","FeS cluster assembly protein SufD","5","0","1","5","6","NA","NA","","sufD(5)","1023","1035","GCF_000292685_00051","GCF_000298385_00051","GCF_000300075_00048","GCF_002849995_00059","GCF_902713755_00164"
"g0101_0003__g0101","sufS","Cysteine desulfurase SufS","5","0","1","5","7","NA","NA","","sufS(5)","1239","1239","GCF_000292685_00052","GCF_000298385_00052","GCF_000300075_00049","GCF_002849995_00060","GCF_902713755_00163"
"g0116_0002__g0116","mnmA","tRNA-specific 2-thiouridylase MnmA","5","0","1","5","8","NA","NA","","mnmA(5)","1065","1065","GCF_000292685_00053","GCF_000298385_00053","GCF_000300075_00050","GCF_002849995_00061","GCF_902713755_00162"
"g0233_0004__g0233","infA","Translation initiation factor IF-1","5","0","1","5","9","NA","NA","","infA(5)","219","219","GCF_000292685_00054","GCF_000298385_00054","GCF_000300075_00051","GCF_002849995_00062","GCF_902713755_00161"
"g0133_0003__g0133","yadG","putative ABC transporter ATP-binding protein YadG","5","0","1","5","10","NA","NA","","yadG(5)","927","939","GCF_000292685_00055","GCF_000298385_00055","GCF_000300075_00052","GCF_002849995_00063","GCF_902713755_00160"
"g0151_0003__g0151","yadH","Inner membrane transport permease YadH","5","0","1","5","11","NA","NA","","yadH(5)","762","768","GCF_000292685_00056","GCF_000298385_00056","GCF_000300075_00053","GCF_002849995_00064","GCF_902713755_00159"
"g0134_0003__g0134","NA","6-phosphogluconate dehydrogenase%2C NAD(+)-dependent%2C decarboxylating","5","0","1","5","12","NA","NA","","NA(5)","930","939","GCF_000292685_00057","GCF_000298385_00057","GCF_000300075_00054","GCF_002849995_00065","GCF_902713755_00158"
"g0214_0003__g0214","ndhC","NAD(P)H-quinone oxidoreductase subunit 3","5","0","1","6","1","NA","NA","","ndhC(5)","342","342","GCF_000292685_00015","GCF_000298385_00015","GCF_000300075_00015","GCF_002849995_00019","GCF_902713755_00242"
"g0157_0003__g0157","nuoB","NADH-quinone oxidoreductase subunit B","5","0","1","6","2","NA","NA","","nuoB(5)","609","648","GCF_000292685_00014","GCF_000298385_00014","GCF_000300075_00014","GCF_002849995_00018","GCF_902713755_00243"
"g0059_0003__g0059","nuoC","NADH-quinone oxidoreductase subunit C/D","5","0","1","6","3","NA","NA","","nuoC(5)","1749","1764","GCF_000292685_00013","GCF_000298385_00013","GCF_000300075_00013","GCF_002849995_00017","GCF_902713755_00244"
"g0181_0002__g0181","nuoE","NADH-quinone oxidoreductase subunit E","5","0","1","6","4","NA","NA","","nuoE(5)","495","507","GCF_000292685_00012","GCF_000298385_00012","GCF_000300075_00012","GCF_002849995_00016","GCF_902713755_00245"
"g0092_0003__g0092","nuoF","NADH-quinone oxidoreductase subunit F","5","0","1","6","5","NA","NA","","nuoF(5)","1299","1302","GCF_000292685_00011","GCF_000298385_00011","GCF_000300075_00011","GCF_002849995_00015","GCF_902713755_00246"
"g0043_0003__g0043","nuoG","NADH-quinone oxidoreductase subunit G","5","0","1","6","6","NA","NA","","nuoG(5)","2664","2682","GCF_000292685_00010","GCF_000298385_00010","GCF_000300075_00010","GCF_002849995_00014","GCF_902713755_00247"
"g0130_0003__g0130","nuoH","NADH-quinone oxidoreductase subunit H","5","0","1","6","7","NA","NA","","nuoH(5)","942","951","GCF_000292685_00009","GCF_000298385_00009","GCF_000300075_00009","GCF_002849995_00013","GCF_902713755_00248"
"g0175_0004__g0175","nuoI","NADH-quinone oxidoreductase subunit I","5","0","1","6","8","NA","NA","","nuoI(5)","540","540","GCF_000292685_00008","GCF_000298385_00008","GCF_000300075_00008","GCF_002849995_00012","GCF_902713755_00249"
"g0185_0003__g0185","nuoJ","NADH-quinone oxidoreductase subunit J","5","0","1","6","9","NA","NA","","nuoJ(5)","486","489","GCF_000292685_00007","GCF_000298385_00007","GCF_000300075_00007","GCF_002849995_00011","GCF_902713755_00250"
"g0220_0003__g0220","nuoK","NADH-quinone oxidoreductase subunit K","5","0","1","6","10","NA","NA","","nuoK(5)","309","309","GCF_000292685_00006","GCF_000298385_00006","GCF_000300075_00006","GCF_002849995_00010","GCF_902713755_00251"
"g0055_0003__g0055","nuoL","NADH-quinone oxidoreductase subunit L","5","0","1","6","11","NA","NA","","nuoL(5)","1884","1893","GCF_000292685_00005","GCF_000298385_00005","GCF_000300075_00005","GCF_002849995_00009","GCF_902713755_00252"
"g0074_0003__g0074","nuoM","NADH-quinone oxidoreductase subunit M","5","0","1","6","12","NA","NA","","nuoM(5)","1476","1476","GCF_000292685_00004","GCF_000298385_00004","GCF_000300075_00004","GCF_002849995_00008","GCF_902713755_00253"
"g0138_0003__g0138","lipA","Lipoyl synthase","5","0","1","7","1","NA","NA","","lipA(5)","861","873","GCF_000292685_00205","GCF_000298385_00203","GCF_000300075_00203","GCF_002849995_00224","GCF_902713755_00180"
"g0194_0001__g0194","pal","Peptidoglycan-associated lipoprotein","5","0","1","7","2","NA","NA","","pal(5)","444","447","GCF_000292685_00203","GCF_000298385_00201","GCF_000300075_00201","GCF_002849995_00222","GCF_902713755_00181"
"g0062_0002__g0062","aspS","Aspartate--tRNA(Asp/Asn) ligase","5","0","1","7","3","NA","NA","","aspS(5)","1680","1698","GCF_000292685_00202","GCF_000298385_00200","GCF_000300075_00200","GCF_002849995_00221","GCF_902713755_00183"
"g0088_0004__g0088","NA","Magnesium transporter MgtE","5","0","1","7","4","NA","NA","","NA(5)","1347","1347","GCF_000292685_00201","GCF_000298385_00199","GCF_000300075_00199","GCF_002849995_00220","GCF_902713755_00184"
"g0084_0003__g0084","clsA","Major cardiolipin synthase ClsA","5","0","1","7","5","NA","NA","","clsA(5)","1377","1383","GCF_000292685_00200","GCF_000298385_00198","GCF_000300075_00198","GCF_002849995_00219","GCF_902713755_00185"
"g0086_0001__g0086","cysS","Cysteine--tRNA ligase","5","0","1","7","6","NA","NA","","cysS(5)","1362","1362","GCF_000292685_00197","GCF_000298385_00195","GCF_000300075_00195","GCF_002849995_00214","GCF_902713755_00186"
"g0068_0002__g0068","glnS","Glutamine--tRNA ligase","5","0","1","7","7","NA","NA","","glnS(5)","1581","1602","GCF_000292685_00196","GCF_000298385_00194","GCF_000300075_00194","GCF_002849995_00213","GCF_902713755_00187"
"g0143_0003__g0143","aroE","Shikimate dehydrogenase (NADP(+))","5","0","1","7","8","NA","NA","","aroE(5)","846","852","GCF_000292685_00195","GCF_000298385_00193","GCF_000300075_00193","GCF_002849995_00212","GCF_902713755_00188"
"g0190_0003__g0190","def","Peptide deformylase","5","0","1","7","9","NA","NA","","def(5)","456","456","GCF_000292685_00194","GCF_000298385_00192","GCF_000300075_00192","GCF_002849995_00211","GCF_902713755_00189"
"g0129_0003__g0129","glk","Glucokinase","5","0","1","7","10","NA","NA","","glk(5)","969","972","GCF_000292685_00193","GCF_000298385_00191","GCF_000300075_00191","GCF_002849995_00210","GCF_902713755_00190"
"g0014_0002__g0014","zwf","Glucose-6-phosphate 1-dehydrogenase","5","0","1","7","11","NA","NA","","zwf(5)","1359","1383","GCF_000292685_00192","GCF_000298385_00190","GCF_000300075_00190","GCF_002849995_00209","GCF_902713755_00191"
"g0118_0002__g0118","dapD","2%2C3%2C4%2C5-tetrahydropyridine-2%2C6-dicarboxylate N-succinyltransferase","5","0","1","8","1","NA","NA","","dapD(5)","1041","1044","GCF_000292685_00165","GCF_000298385_00164","GCF_000300075_00163","GCF_002849995_00180","GCF_902713755_00015"
"g0168_0003__g0168","NA","hypothetical protein","5","0","1","8","2","NA","NA","","NA(5)","582","582","GCF_000292685_00167","GCF_000298385_00166","GCF_000300075_00165","GCF_002849995_00182","GCF_902713755_00014"
"g0002_0003__g0002","dapB","4-hydroxy-tetrahydrodipicolinate reductase","5","0","1","8","3","NA","NA","","dapB(7)","153","813","GCF_000292685_00168;GCF_000292685_00169","GCF_000298385_00167","GCF_000300075_00166;GCF_000300075_00167","GCF_002849995_00183","GCF_902713755_00013"
"g0108_0003__g0108","carA","Carbamoyl-phosphate synthase small chain","5","0","1","8","4","NA","NA","","carA(5)","1086","1107","GCF_000292685_00170","GCF_000298385_00168","GCF_000300075_00168","GCF_002849995_00184","GCF_902713755_00012"
"g0009_0003__g0009","carB","Carbamoyl-phosphate synthase large chain","5","0","1","8","5","NA","NA","","carB(6)","609","3225","GCF_000292685_00171","GCF_000298385_00169","GCF_000300075_00169","GCF_002849995_00185;GCF_002849995_00186","GCF_902713755_00011"
"g0186_0003__g0186","greA","Transcription elongation factor GreA","5","0","1","8","6","NA","NA","","greA(5)","486","489","GCF_000292685_00172","GCF_000298385_00170","GCF_000300075_00170","GCF_002849995_00187","GCF_902713755_00010"
"g0058_0003__g0058","ftsH","ATP-dependent zinc metalloprotease FtsH","5","0","1","8","7","NA","NA","","ftsH(5)","1803","1812","GCF_000292685_00173","GCF_000298385_00171","GCF_000300075_00171","GCF_002849995_00188","GCF_902713755_00009"
"g0094_0002__g0094","nusA","Transcription termination/antitermination protein NusA","5","0","1","8","8","NA","NA","","nusA(5)","1134","1302","GCF_000292685_00174","GCF_000298385_00172","GCF_000300075_00172","GCF_002849995_00189","GCF_902713755_00007"
"g0049_0002__g0049","infB","Translation initiation factor IF-2","5","0","1","8","9","NA","NA","","infB(5)","2124","2307","GCF_000292685_00175","GCF_000298385_00173","GCF_000300075_00173","GCF_002849995_00190","GCF_902713755_00006"
"g0031_0001__g0031","rbfA","30S ribosome-binding factor","5","0","1","8","10","NA","NA","","rbfA(5)","327","342","GCF_000292685_00176","GCF_000298385_00174","GCF_000300075_00174","GCF_002849995_00191","GCF_902713755_00005"
"g0057_0002__g0057","lepA","Elongation factor 4","5","0","1","9","1","NA","NA","","lepA(5)","1818","1827","GCF_000292685_00216","GCF_000298385_00214","GCF_000300075_00214","GCF_002849995_00235","GCF_902713755_00062"
"g0100_0003__g0100","argD","Acetylornithine/succinyldiaminopimelate aminotransferase","5","0","1","9","2","NA","NA","","argD(5)","1215","1242","GCF_000292685_00215","GCF_000298385_00213","GCF_000300075_00213","GCF_002849995_00234","GCF_902713755_00063"
"g0041_0002__g0041","valS","Valine--tRNA ligase","5","0","1","9","3","NA","NA","","valS(5)","2649","2739","GCF_000292685_00214","GCF_000298385_00212","GCF_000300075_00212","GCF_002849995_00233","GCF_902713755_00064"
"g0172_0001__g0172","ahpC","Alkyl hydroperoxide reductase C","5","0","1","9","4","NA","NA","","ahpC(4):NA(1)","240","564","GCF_000292685_00213","GCF_000298385_00211","GCF_000300075_00211","GCF_002849995_00232","GCF_902713755_00065"
"g0238_0003__g0238","fdx","Ferredoxin","5","0","1","9","5","NA","NA","","fdx(5)","189","198","GCF_000292685_00212","GCF_000298385_00210","GCF_000300075_00210","GCF_002849995_00231","GCF_902713755_00066"
"g0147_0002__g0147","trpA","Tryptophan synthase alpha chain","5","0","1","9","6","NA","NA","","trpA(5)","807","810","GCF_000292685_00211","GCF_000298385_00209","GCF_000300075_00209","GCF_002849995_00230","GCF_902713755_00067"
"g0104_0003__g0104","trpB","Tryptophan synthase beta chain","5","0","1","9","7","NA","NA","","trpB(5)","1182","1182","GCF_000292685_00210","GCF_000298385_00208","GCF_000300075_00208","GCF_002849995_00229","GCF_902713755_00068"
"g0028_0001__g0028","ybeY","Endoribonuclease YbeY","5","0","1","9","8","NA","NA","","ybeY(5)","444","498","GCF_000292685_00209","GCF_000298385_00207","GCF_000300075_00207","GCF_002849995_00228","GCF_902713755_00069"
"g0012_0002__g0012","leuS","Leucine--tRNA ligase","5","0","1","9","9","NA","NA","","leuS(5)","2586","2601","GCF_000292685_00208","GCF_000298385_00206","GCF_000300075_00206","GCF_002849995_00227","GCF_902713755_00070"
"g0135__g0135","rluD","hypothetical protein","5","0","1","10","1","NA","NA","","NA(3):rluD(2)","735","930","GCF_000292685_00248","GCF_000298385_00247","GCF_000300075_00246","GCF_002849995_00267","GCF_902713755_00092"
"g0023_0001__g0023","NA","hypothetical protein","5","0","1","10","2","NA","NA","","NA(6)","225","645","GCF_000292685_00249","GCF_000298385_00248","GCF_000300075_00247","GCF_002849995_00268;GCF_002849995_00269","GCF_902713755_00091"
"g0060_0003__g0060","ilvI","Acetolactate synthase isozyme 3 large subunit","5","0","1","10","3","NA","NA","","ilvI(5)","1737","1743","GCF_000292685_00250","GCF_000298385_00249","GCF_000300075_00248","GCF_002849995_00270","GCF_902713755_00090"
"g0184_0004__g0184","ilvH","Acetolactate synthase isozyme 3 small subunit","5","0","1","10","4","NA","NA","","ilvH(5)","486","492","GCF_000292685_00251","GCF_000298385_00250","GCF_000300075_00249","GCF_002849995_00271","GCF_902713755_00089"
"g0124_0003__g0124","ilvC","Ketol-acid reductoisomerase (NADP(+))","5","0","1","10","5","NA","NA","","ilvC(5)","1017","1017","GCF_000292685_00252","GCF_000298385_00251","GCF_000300075_00250","GCF_002849995_00272","GCF_902713755_00088"
"g0230_0003__g0230","rpsP","30S ribosomal protein S16","5","0","1","10","6","NA","NA","","rpsP(5)","240","249","GCF_000292685_00253","GCF_000298385_00252","GCF_000300075_00251","GCF_002849995_00273","GCF_902713755_00087"
"g0209_0003__g0209","rplS","50S ribosomal protein L19","5","0","1","10","7","NA","NA","","rplS(5)","351","354","GCF_000292685_00255","GCF_000298385_00254","GCF_000300075_00253","GCF_002849995_00275","GCF_902713755_00086"
"g0095_0003__g0095","hom","Homoserine dehydrogenase","5","0","1","10","8","NA","NA","","hom(5)","1275","1281","GCF_000292685_00256","GCF_000298385_00255","GCF_000300075_00254","GCF_002849995_00276","GCF_902713755_00085"
"g0083_0003__g0083","thrC","Threonine synthase","5","0","1","10","9","NA","NA","","thrC(5)","1383","1386","GCF_000292685_00257","GCF_000298385_00256","GCF_000300075_00255","GCF_002849995_00277","GCF_902713755_00084"
"g0189_0003__g0189","atpF","ATP synthase subunit b","5","0","1","11","1","NA","NA","","atpF(5)","216","471","GCF_000292685_00028","GCF_000298385_00028","GCF_000300075_00025","GCF_002849995_00034","GCF_902713755_00229"
"g0179_0001__g0179","atpD","ATP synthase subunit delta","5","0","1","11","2","NA","NA","","atpD(4):atpH(1)","522","525","GCF_000292685_00029","GCF_000298385_00029","GCF_000300075_00026","GCF_002849995_00036","GCF_902713755_00228"
"g0072_0003__g0072","atpA","ATP synthase subunit alpha","5","0","1","11","3","NA","NA","","atpA(5)","1521","1533","GCF_000292685_00030","GCF_000298385_00030","GCF_000300075_00027","GCF_002849995_00037","GCF_902713755_00227"
"g0140_0003__g0140","atpG","ATP synthase gamma chain","5","0","1","11","4","NA","NA","","atpG(5)","858","867","GCF_000292685_00031","GCF_000298385_00031","GCF_000300075_00028","GCF_002849995_00038","GCF_902713755_00226"
"g0085_0004__g0085","atpD","ATP synthase subunit beta","5","0","1","11","5","NA","NA","","atpD(5)","1371","1380","GCF_000292685_00032","GCF_000298385_00032","GCF_000300075_00029","GCF_002849995_00039","GCF_902713755_00225"
"g0198_0003__g0198","atpC","ATP synthase epsilon chain","5","0","1","11","6","NA","NA","","atpC(5)","423","429","GCF_000292685_00033","GCF_000298385_00033","GCF_000300075_00030","GCF_002849995_00040","GCF_902713755_00224"
"g0123_0003__g0123","arcB","Ornithine carbamoyltransferase%2C catabolic","5","0","1","11","7","NA","NA","","arcB(5)","1008","1020","GCF_000292685_00034","GCF_000298385_00034","GCF_000300075_00031","GCF_002849995_00041","GCF_902713755_00223"
"g0167_0003__g0167","hisB","Histidine biosynthesis bifunctional protein HisB","5","0","1","12","1","NA","NA","","hisB(5)","588","588","GCF_000292685_00247","GCF_000298385_00246","GCF_000300075_00245","GCF_002849995_00266","GCF_902713755_00264"
"g0163_0003__g0163","hisH","Imidazole glycerol phosphate synthase subunit HisH","5","0","1","12","2","NA","NA","","hisH(5)","615","621","GCF_000292685_00246","GCF_000298385_00245","GCF_000300075_00244","GCF_002849995_00265","GCF_902713755_00263"
"g0153_0003__g0153","hisA","1-(5-phosphoribosyl)-5-[(5-phosphoribosylamino)methylideneamino] imidazole-4-carboxamide isomerase","5","0","1","12","3","NA","NA","","hisA(5)","714","717","GCF_000292685_00244","GCF_000298385_00243","GCF_000300075_00242","GCF_002849995_00263","GCF_902713755_00262"
"g0150_0003__g0150","hisF","Imidazole glycerol phosphate synthase subunit HisF","5","0","1","12","4","NA","NA","","hisF(5)","717","774","GCF_000292685_00243","GCF_000298385_00242","GCF_000300075_00241","GCF_002849995_00262","GCF_902713755_00261"
"g0119_0003__g0119","hisC","Histidinol-phosphate aminotransferase","5","0","1","12","5","NA","NA","","hisC(5)","1044","1044","GCF_000292685_00242","GCF_000298385_00241","GCF_000300075_00240","GCF_002849995_00261","GCF_902713755_00260"
"g0132_0003__g0132","thrB","Homoserine kinase","5","0","1","12","6","NA","NA","","thrB(5)","945","945","GCF_000292685_00241","GCF_000298385_00240","GCF_000300075_00239","GCF_002849995_00260","GCF_902713755_00259"
"g0125_0003__g0125","NA","hypothetical protein","5","0","1","12","7","NA","NA","","NA(5)","1005","1011","GCF_000292685_00240","GCF_000298385_00239","GCF_000300075_00238","GCF_002849995_00259","GCF_902713755_00258"
"g0161_0003__g0161","leuD","3-isopropylmalate dehydratase small subunit","5","0","1","13","1","NA","NA","","leuD(4):leuD1(1)","627","627","GCF_000292685_00035","GCF_000298385_00035","GCF_000300075_00032","GCF_002849995_00042","GCF_902713755_00041"
"g0111_0003__g0111","leuB","3-isopropylmalate dehydrogenase","5","0","1","13","2","NA","NA","","leuB(5)","1086","1092","GCF_000292685_00036","GCF_000298385_00036","GCF_000300075_00033","GCF_002849995_00043","GCF_902713755_00042"
"g0110_0004__g0110","asd","Aspartate-semialdehyde dehydrogenase","5","0","1","13","3","NA","NA","","asd(5)","1092","1095","GCF_000292685_00037","GCF_000298385_00037","GCF_000300075_00034","GCF_002849995_00044","GCF_902713755_00043"
"g0020_0002__g0020","truA","tRNA pseudouridine synthase A","5","0","1","13","4","NA","NA","","truA(5)","810","825","GCF_000292685_00038","GCF_000298385_00038","GCF_000300075_00035","GCF_002849995_00045","GCF_902713755_00044"
"g0160_0003__g0160","trpF","N-(5'-phosphoribosyl)anthranilate isomerase","5","0","1","13","5","NA","NA","","trpF(5)","636","636","GCF_000292685_00039","GCF_000298385_00039","GCF_000300075_00036","GCF_002849995_00046","GCF_902713755_00045"
"g0166_0003__g0166","argO","Arginine exporter protein ArgO","5","0","1","13","6","NA","NA","","argO(5)","603","603","GCF_000292685_00040","GCF_000298385_00040","GCF_000300075_00037","GCF_002849995_00047","GCF_902713755_00046"
"g0096_0003__g0096","serS","Serine--tRNA ligase","5","0","1","13","7","NA","NA","","serS(5)","1257","1266","GCF_000292685_00041","GCF_000298385_00041","GCF_000300075_00038","GCF_002849995_00048","GCF_902713755_00047"
"g0032__g0032","NA","hypothetical protein","5","0","1","14","1","NA","NA","","NA(5)","324","333","GCF_000292685_00016","GCF_000298385_00016","GCF_000300075_00016","GCF_002849995_00020","GCF_902713755_00235"
"g0037_0003__g0037","rpmH","50S ribosomal protein L34","5","0","1","14","2","NA","NA","","rpmH(5)","135","135","GCF_000292685_00017","GCF_000298385_00017","GCF_000300075_00017","GCF_002849995_00021","GCF_902713755_00236"
"g0050_0002__g0050","gyrB","DNA gyrase subunit B","5","0","1","14","3","NA","NA","","gyrB(5)","2214","2223","GCF_000292685_00019","GCF_000298385_00019","GCF_000300075_00019","GCF_002849995_00022","GCF_902713755_00238"
"g0139_0003__g0139","glyQ","Glycine--tRNA ligase alpha subunit","5","0","1","14","4","NA","NA","","glyQ(5)","864","870","GCF_000292685_00020","GCF_000298385_00020","GCF_000300075_00020","GCF_002849995_00023","GCF_902713755_00239"
"g0070_0003__g0070","ilvA","L-threonine dehydratase biosynthetic IlvA","5","0","1","14","5","NA","NA","","ilvA(6)","762","1572","GCF_000292685_00021","GCF_000298385_00021","GCF_000300075_00021","GCF_002849995_00024;GCF_002849995_00025","GCF_902713755_00240"
"g0149_0002__g0149","fpr","Ferredoxin--NADP reductase","5","0","1","14","6","NA","NA","","fpr(5)","774","780","GCF_000292685_00022","GCF_000298385_00022","GCF_000300075_00022","GCF_002849995_00026","GCF_902713755_00241"
"g0063_0002__g0063","proS","Proline--tRNA ligase","5","0","1","15","1","NA","NA","","proS(5)","1656","1686","GCF_000292685_00185","GCF_000298385_00183","GCF_000300075_00183","GCF_002849995_00201","GCF_902713755_00059"
"g0192_0003__g0192","infC","Translation initiation factor IF-3","5","0","1","15","2","NA","NA","","infC(5)","333","453","GCF_000292685_00181","GCF_000298385_00179","GCF_000300075_00179","GCF_002849995_00196","GCF_902713755_00058"
"g0240_0002__g0240","rpmI","50S ribosomal protein L35","5","0","1","15","3","NA","NA","","rpmI(5)","192","192","GCF_000292685_00180","GCF_000298385_00178","GCF_000300075_00178","GCF_002849995_00195","GCF_902713755_00057"
"g0212_0003__g0212","rplT","50S ribosomal protein L20","5","0","1","15","4","NA","NA","","rplT(5)","348","348","GCF_000292685_00179","GCF_000298385_00177","GCF_000300075_00177","GCF_002849995_00194","GCF_902713755_00056"
"g0127_0002__g0127","pheS","Phenylalanine--tRNA ligase alpha subunit","5","0","1","15","5","NA","NA","","pheS(5)","990","993","GCF_000292685_00178","GCF_000298385_00176","GCF_000300075_00176","GCF_002849995_00193","GCF_902713755_00055"
"g0047_0002__g0047","pheT","Phenylalanine--tRNA ligase beta subunit","5","0","1","15","6","NA","NA","","pheT(5)","2337","2412","GCF_000292685_00177","GCF_000298385_00175","GCF_000300075_00175","GCF_002849995_00192","GCF_902713755_00054"
"g0005_2_0007__g0005_2","prfB","Peptide chain release factor RF2","5","0","1","16","1","NA","NA","","prfB(5)","750","966","GCF_000292685_00103","GCF_000298385_00103","GCF_000300075_00101","GCF_002849995_00112","GCF_902713755_00083"
"g0013_0002__g0013","lysU","Lysine--tRNA ligase%2C heat inducible","5","0","1","16","2","NA","NA","","lysU(5)","1491","1491","GCF_000292685_00104","GCF_000298385_00104","GCF_000300075_00102","GCF_002849995_00113","GCF_902713755_00082"
"g0165_0001__g0165","rsmD","Ribosomal RNA small subunit methyltransferase D","5","0","1","16","3","NA","NA","","rsmD(5)","558","615","GCF_000292685_00105","GCF_000298385_00105","GCF_000300075_00103","GCF_002849995_00114","GCF_902713755_00081"
"g0144_0003__g0144","rpoH","RNA polymerase sigma factor RpoH","5","0","1","16","4","NA","NA","","rpoH(5)","843","843","GCF_000292685_00106","GCF_000298385_00106","GCF_000300075_00104","GCF_002849995_00115","GCF_902713755_00080"
"g0234_0003__g0234","rpmB","50S ribosomal protein L28","5","0","1","16","5","NA","NA","","rpmB(5)","216","216","GCF_000292685_00107","GCF_000298385_00107","GCF_000300075_00105","GCF_002849995_00116","GCF_902713755_00079"
"g0217_0002__g0217","rplU","50S ribosomal protein L21","5","0","1","17","1","NA","NA","","rplU(5)","318","321","GCF_000292685_00097","GCF_000298385_00097","GCF_000300075_00094","GCF_002849995_00107","GCF_902713755_00099"
"g0228_0002__g0228","rpmA","50S ribosomal protein L27","5","0","1","17","2","NA","NA","","rpmA(5)","258","267","GCF_000292685_00098","GCF_000298385_00098","GCF_000300075_00095","GCF_002849995_00108","GCF_902713755_00098"
"g0126_0001__g0126","cgtA","GTPase Obg/CgtA","5","0","1","17","3","NA","NA","","cgtA(4):obgE(1)","984","996","GCF_000292685_00099","GCF_000298385_00099","GCF_000300075_00096","GCF_002849995_00109","GCF_902713755_00097"
"g0035_0002__g0035","rpsT","30S ribosomal protein S20","5","0","1","17","4","NA","NA","","rpsT(5)","240","246","GCF_000292685_00100","GCF_000298385_00100","GCF_000300075_00097","GCF_002849995_00110","GCF_902713755_00096"
"g0010_0002__g0010","ileS","Isoleucine--tRNA ligase","5","0","1","17","5","NA","NA","","ileS(6)","1374","2847","GCF_000292685_00101","GCF_000298385_00101","GCF_000300075_00098;GCF_000300075_00099","GCF_002849995_00111","GCF_902713755_00095"
"g0071_0003__g0071","rpsA","30S ribosomal protein S1","5","0","1","18","1","NA","NA","","rpsA(5)","1512","1545","GCF_000292685_00136","GCF_000298385_00136","GCF_000300075_00134","GCF_002849995_00150","GCF_902713755_00218"
"g0089_0003__g0089","aroA","3-phosphoshikimate 1-carboxyvinyltransferase","5","0","1","18","2","NA","NA","","aroA(5)","1320","1320","GCF_000292685_00137","GCF_000298385_00137","GCF_000300075_00135","GCF_002849995_00151","GCF_902713755_00219"
"g0113_0001__g0113","pheA","Bifunctional chorismate mutase/prephenate dehydratase","5","0","1","18","3","NA","NA","","pheA(5)","1074","1080","GCF_000292685_00138","GCF_000298385_00138","GCF_000300075_00136","GCF_002849995_00152","GCF_902713755_00220"
"g0045_0002__g0045","gyrA","DNA gyrase subunit A","5","0","1","18","4","NA","NA","","gyrA(5)","2490","2547","GCF_000292685_00139","GCF_000298385_00139","GCF_000300075_00137","GCF_002849995_00153","GCF_902713755_00221"
"g0046_0002__g0046","secA","Protein translocase subunit SecA","5","0","1","18","5","NA","NA","","secA(5)","2370","2415","GCF_000292685_00141","GCF_000298385_00140","GCF_000300075_00139","GCF_002849995_00154","GCF_902713755_00222"
"g0069_0002__g0069","der","GTPase Der","5","0","1","19","1","NA","NA","","der(5)","1290","1581","GCF_000292685_00042","GCF_000298385_00042","GCF_000300075_00039","GCF_002849995_00049","GCF_902713755_00176"
"g0090_0002__g0090","hisS","Histidine--tRNA ligase","5","0","1","19","2","NA","NA","","hisS(5)","1305","1305","GCF_000292685_00043","GCF_000298385_00043","GCF_000300075_00040","GCF_002849995_00050","GCF_902713755_00175"
"g0048_0003__g0048","lon2","Lon protease 2","5","0","1","19","3","NA","NA","","lon2(5)","2319","2325","GCF_000292685_00044","GCF_000298385_00044","GCF_000300075_00041","GCF_002849995_00051","GCF_902713755_00174"
"g0056_0003__g0056","ilvD","Dihydroxy-acid dehydratase","5","0","1","19","4","NA","NA","","ilvD(5)","1824","1839","GCF_000292685_00045","GCF_000298385_00045","GCF_000300075_00042","GCF_002849995_00052","GCF_902713755_00173"
"g0076_0003__g0076","gltX","Glutamate--tRNA ligase","5","0","1","20","1","NA","NA","","gltX(5)","1413","1434","GCF_000292685_00109","GCF_000298385_00109","GCF_000300075_00107","GCF_002849995_00120","GCF_902713755_00075"
"g0011_0002__g0011","sucA","2-oxoglutarate dehydrogenase E1 component","5","0","1","20","2","NA","NA","","sucA(6)","444","2649","GCF_000292685_00110","GCF_000298385_00110","GCF_000300075_00108","GCF_002849995_00121;GCF_002849995_00122","GCF_902713755_00074"
"g0114_0003__g0114","NA","hypothetical protein","5","0","1","20","3","NA","NA","","NA(5)","1071","1077","GCF_000292685_00111","GCF_000298385_00111","GCF_000300075_00109","GCF_002849995_00123","GCF_902713755_00073"
"g0080_0002__g0080","lpd","Dihydrolipoyl dehydrogenase","5","0","1","20","4","NA","NA","","lpd(5)","1416","1419","GCF_000292685_00112","GCF_000298385_00112","GCF_000300075_00110","GCF_002849995_00124","GCF_902713755_00072"
"g0001_0001__g0001","galP","hypothetical protein","5","0","1","21","1","NA","NA","","NA(7):galP(5):araE(1)","171","1398","GCF_000292685_00189;GCF_000292685_00190;GCF_000292685_00191","GCF_000298385_00187;GCF_000298385_00188;GCF_000298385_00189","GCF_000300075_00187;GCF_000300075_00188;GCF_000300075_00189","GCF_002849995_00205;GCF_002849995_00206;GCF_002849995_00207","GCF_902713755_00192"
"g0142_0002__g0142","metF","5%2C10-methylenetetrahydrofolate reductase","5","0","1","21","2","NA","NA","","metF(5)","831","858","GCF_000292685_00188","GCF_000298385_00186","GCF_000300075_00186","GCF_002849995_00204","GCF_902713755_00193"
"g0091_0003__g0091","gltP","Proton/glutamate-aspartate symporter","5","0","1","21","3","NA","NA","","gltP(5)","1299","1305","GCF_000292685_00187","GCF_000298385_00185","GCF_000300075_00185","GCF_002849995_00203","GCF_902713755_00194"
"g0197_0003__g0197","aroQ","3-dehydroquinate dehydratase","5","0","1","21","4","NA","NA","","aroQ(5)","429","435","GCF_000292685_00186","GCF_000298385_00184","GCF_000300075_00184","GCF_002849995_00202","GCF_902713755_00195"
"g0170_0002__g0170","nfuA","Fe/S biogenesis protein NfuA","5","0","1","22","1","NA","NA","","nfuA(5)","567","573","GCF_000292685_00129","GCF_000298385_00129","GCF_000300075_00127","GCF_002849995_00141","GCF_902713755_00049"
"g0200_0003__g0200","sufE","Cysteine desulfuration protein SufE","5","0","1","22","2","NA","NA","","sufE(5)","420","420","GCF_000292685_00130","GCF_000298385_00130","GCF_000300075_00128","GCF_002849995_00142","GCF_902713755_00050"
"g0195_0002__g0195","hisI","Phosphoribosyl-AMP cyclohydrolase","5","0","1","22","3","NA","NA","","hisI(5)","441","441","GCF_000292685_00131","GCF_000298385_00131","GCF_000300075_00129","GCF_002849995_00143","GCF_902713755_00051"
"g0054_0004__g0054","dnaK","Chaperone protein DnaK","5","0","1","23","1","NA","NA","","dnaK(5)","1560","1926","GCF_000292685_00001","GCF_000298385_00001","GCF_000300075_00001","GCF_002849995_00002","GCF_902713755_00001"
"g0115_0003__g0115","dnaJ","Chaperone protein DnaJ","5","0","1","23","2","NA","NA","","dnaJ(5)","900","1071","GCF_000292685_00002","GCF_000298385_00002","GCF_000300075_00002","GCF_002849995_00003","GCF_902713755_00002"
"g0193_0002__g0193","smpB","SsrA-binding protein","5","0","1","24","1","NA","NA","","smpB(5)","426","450","GCF_000292685_00258","GCF_000298385_00257","GCF_000300075_00256","GCF_002849995_00278","GCF_902713755_00265"
"g0177_0003__g0177","grpE","Protein GrpE","5","0","1","24","2","NA","NA","","grpE(5)","525","528","GCF_000292685_00259","GCF_000298385_00258","GCF_000300075_00257","GCF_002849995_00279","GCF_902713755_00266"
"g0227_0002__g0227","rpsO","30S ribosomal protein S15","5","0","1","25","1","NA","NA","","rpsO(5)","261","273","GCF_000292685_00126","GCF_000298385_00126","GCF_000300075_00124","GCF_002849995_00139","GCF_902713755_00004"
"g0052_0002__g0052","pnp","Polyribonucleotide nucleotidyltransferase","5","0","1","25","2","NA","NA","","pnp(5)","2118","2136","GCF_000292685_00127","GCF_000298385_00127","GCF_000300075_00125","GCF_002849995_00140","GCF_902713755_00003"
"g0117__g0117","alaS","Alanine--tRNA ligase","5","0","1","26","1","NA","NA","","alaS(5)","984","1053","GCF_000292685_00207","GCF_000298385_00205","GCF_000300075_00205","GCF_002849995_00226","GCF_902713755_00178"
"g0098_0002__g0098","lysC","Aspartate kinase Ask_LysC","5","0","1","26","2","NA","NA","","lysC(5)","1254","1263","GCF_000292685_00206","GCF_000298385_00204","GCF_000300075_00204","GCF_002849995_00225","GCF_902713755_00177"
"g0044_0002__g0044","mutS","DNA mismatch repair protein MutS","5","0","1","27","1","NA","NA","","mutS(5)","2532","2550","GCF_000292685_00239","GCF_000298385_00238","GCF_000300075_00237","GCF_002849995_00258","GCF_902713755_00179"
"g0082_0003__g0082","nuoN","NADH-quinone oxidoreductase subunit N","5","0","1.40","28","1","NA","NA","","nuoN(7)","303","1392","GCF_000292685_00003","GCF_000298385_00003","GCF_000300075_00003","GCF_002849995_00004;GCF_002849995_00005;GCF_002849995_00007","GCF_902713755_00254"
"g0024_0001__g0024","yidC","Membrane protein insertase YidC","4","0","1","29","1","NA","NA","","yidC(4)","633","639","GCF_000292685_00023","GCF_000298385_00023","","GCF_002849995_00028","GCF_902713755_00234"
"g0016_0001__g0016","mnmE","tRNA modification GTPase MnmE","4","0","1","29","2","NA","NA","","mnmE(4)","1350","1359","GCF_000292685_00024","GCF_000298385_00024","","GCF_002849995_00029","GCF_902713755_00233"
"g0004_0003__g0004","mnmG","tRNA uridine 5-carboxymethylaminomethyl modification enzyme MnmG","4","0","1","29","3","NA","NA","","mnmG(5)","528","1827","GCF_000292685_00025","GCF_000298385_00025","","GCF_002849995_00030;GCF_002849995_00031","GCF_902713755_00232"
"g0006_1_0009__g0006_1","atpB","ATP synthase subunit a","4","0","1","29","4","NA","NA","","atpB(4)","810","825","GCF_000292685_00026","GCF_000298385_00026","GCF_000300075_00023","GCF_002849995_00032",""
"g0270_0006__g0270","clpP","ATP-dependent Clp protease proteolytic subunit","4","0","1","30","1","NA","NA","","clpP(4)","249","249","GCF_000292685_00198","GCF_000298385_00196","GCF_000300075_00196","GCF_002849995_00215",""
"g0268_0006__g0268","clpP","ATP-dependent Clp protease proteolytic subunit","4","0","1","30","2","NA","NA","","clpP(4)","195","288","GCF_000292685_00199","GCF_000298385_00197","GCF_000300075_00197","GCF_002849995_00216",""
"g0199_0005__g0199","bacA","Vitamin B12 transport ATP-binding protein BacA","4","0","1","31","1","NA","NA","","bacA(4)","426","426","GCF_000292685_00184","GCF_000298385_00182","GCF_000300075_00182","GCF_002849995_00200",""
"g0237_0005__g0237","NA","hypothetical protein","4","0","1","31","2","NA","NA","","NA(4)","198","198","GCF_000292685_00183","GCF_000298385_00181","GCF_000300075_00181","GCF_002849995_00198",""
"g0008_0006__g0008","NA","hypothetical protein","4","0","1","32","1","NA","NA","","NA(4)","210","294","GCF_000292685_00113","GCF_000298385_00113","GCF_000300075_00111","GCF_002849995_00125",""
"g0187_0002__g0187","tusE","hypothetical protein","4","0","1","33","1","NA","NA","","NA(3):tusE(1)","345","477","GCF_000292685_00128","GCF_000298385_00128","GCF_000300075_00126","","GCF_902713755_00048"
"g0274_0006__g0274","atpE","ATP synthase subunit c","4","0","1","34","1","NA","NA","","atpE(4)","225","225","GCF_000292685_00027","GCF_000298385_00027","GCF_000300075_00024","","GCF_902713755_00230"
"g0242_0005__g0242","NA","hypothetical protein","4","0","1","35","1","NA","NA","","NA(4)","138","138","GCF_000292685_00221","GCF_000298385_00219","GCF_000300075_00219","GCF_002849995_00240",""
"g0022_1_0009__g0022_1","map","Methionine aminopeptidase","4","0","1.25","36","1","NA","NA","","map(4):NA(1)","189","777","GCF_000292685_00164","GCF_000298385_00163","GCF_000300075_00162","GCF_002849995_00178;GCF_002849995_00179",""
"g0267_0006__g0267","rimM","Ribosome maturation factor RimM","4","0","1","37","1","NA","NA","","rimM(4)","309","309","GCF_000292685_00254","GCF_000298385_00253","GCF_000300075_00252","GCF_002849995_00274",""
"g0249_0006__g0249","dapE","Succinyl-diaminopimelate desuccinylase","4","0","1","38","1","NA","NA","","dapE(4)","1155","1155","GCF_000292685_00166","GCF_000298385_00165","GCF_000300075_00164","GCF_002849995_00181",""
"g0158_0005__g0158","NA","hypothetical protein","4","0","1","39","1","NA","NA","","NA(4)","645","645","GCF_000292685_00132","GCF_000298385_00132","GCF_000300075_00130","GCF_002849995_00146",""
"g0241_0003__g0241","rpmG","50S ribosomal protein L33","4","0","1","40","1","NA","NA","","rpmG(4)","150","150","GCF_000292685_00108","GCF_000298385_00108","GCF_000300075_00106","","GCF_902713755_00078"
"g0269_0006__g0269","NA","hypothetical protein","3","0","1","41","1","NA","NA","","NA(3)","258","258","GCF_000292685_00182","GCF_000298385_00180","GCF_000300075_00180","",""
"g0285_0006__g0285","NA","hypothetical protein","2","0","1","42","1","NA","NA","","NA(2)","165","165","GCF_000292685_00140","","GCF_000300075_00138","",""
"g0006_2_0002__g0006_2","atpB","ATP synthase subunit a","2","0","1","43","1","NA","NA","","atpB(1):NA(1)","240","825","","","","GCF_002849995_00027","GCF_902713755_00231"
"g0244_0006__g0244","argH","Argininosuccinate lyase","1","0","1","44","1","NA","NA","","argH(1)","1395","1395","","","","","GCF_902713755_00257"
"g0247_0006__g0247","lysA","Diaminopimelate decarboxylase","1","0","1","44","2","NA","NA","","lysA(1)","1275","1275","","","","","GCF_902713755_00256"
"g0255_0006__g0255","dapF","Diaminopimelate epimerase","1","0","1","44","3","NA","NA","","dapF(1)","837","837","","","","","GCF_902713755_00255"
"g0254_0006__g0254","NA","hypothetical protein","1","0","1","45","1","NA","NA","","NA(1)","852","852","","","","","GCF_902713755_00035"
"g0257_0006__g0257","hhoB","Putative serine protease HhoB","1","0","1","45","2","NA","NA","","hhoB(1)","798","798","","","","","GCF_902713755_00036"
"g0266_0006__g0266","NA","hypothetical protein","1","0","1","46","1","NA","NA","","NA(1)","321","321","","","","","GCF_902713755_00172"
"g0243_0006__g0243","mutL","DNA mismatch repair protein MutL","1","0","1","46","2","NA","NA","","mutL(1)","1665","1665","","","","","GCF_902713755_00171"
"g0251_0006__g0251","trpS","Tryptophan--tRNA ligase","1","0","1","47","1","NA","NA","","trpS(1)","972","972","","","","","GCF_902713755_00077"
"g0246_0006__g0246","deaD","ATP-dependent RNA helicase DeaD","1","0","1","47","2","NA","NA","","deaD(1)","1305","1305","","","","","GCF_902713755_00076"
"g0284_0006__g0284","NA","hypothetical protein","1","0","1","48","1","NA","NA","","NA(1)","132","132","","","","GCF_002849995_00118",""
"g0281_0006__g0281","NA","hypothetical protein","1","0","1","48","2","NA","NA","","NA(1)","147","147","","","","GCF_002849995_00119",""
"g0273_0006__g0273","clpX","ATP-dependent Clp protease ATP-binding subunit ClpX","1","0","1","49","1","NA","NA","","clpX(1)","243","243","","","","GCF_002849995_00217",""
"g0272_0006__g0272","clpX","ATP-dependent Clp protease ATP-binding subunit ClpX","1","0","1","49","2","NA","NA","","clpX(1)","246","246","","","","GCF_002849995_00218",""
"g0259_0006__g0259","lepB","Signal peptidase I","1","0","1","50","1","NA","NA","","lepB(1)","726","726","","","","","GCF_902713755_00061"
"g0256_0006__g0256","era","GTPase Era","1","0","1","50","2","NA","NA","","era(1)","813","813","","","","","GCF_902713755_00060"
"g0260_0006__g0260","dnaQ","DNA polymerase III subunit epsilon","1","0","1","51","1","NA","NA","","dnaQ(1)","675","675","","","","","GCF_902713755_00053"
"g0252_0006__g0252","NA","hypothetical protein","1","0","1","51","2","NA","NA","","NA(1)","930","930","","","","","GCF_902713755_00052"
"g0264_0006__g0264","NA","hypothetical protein","1","0","1","52","1","NA","NA","","NA(1)","417","417","","","","GCF_002849995_00145",""
"g0271_0006__g0271","NA","hypothetical protein","1","0","1","52","2","NA","NA","","NA(1)","246","246","","","","GCF_002849995_00144",""
"g0283_0006__g0283","NA","hypothetical protein","1","0","1","53","1","NA","NA","","NA(1)","135","135","","","","","GCF_902713755_00094"
"g0276_0006__g0276","lspA","Lipoprotein signal peptidase","1","0","1","53","2","NA","NA","","lspA(1)","189","189","","","","","GCF_902713755_00093"
"g0277_0006__g0277","NA","hypothetical protein","1","0","1","54","1","NA","NA","","NA(1)","174","174","","","","","GCF_902713755_00008"
"g0258_0006__g0258","rsmA","Ribosomal RNA small subunit methyltransferase A","1","0","1","55","1","NA","NA","","rsmA(1)","762","762","","","","","GCF_902713755_00149"
"g0261_0006__g0261","frr","Ribosome-recycling factor","1","0","1","56","1","NA","NA","","frr(1)","546","546","","","","","GCF_902713755_00019"
"g0263_0006__g0263","ssb","Single-stranded DNA-binding protein","1","0","1","57","1","NA","NA","","ssb(1)","486","486","","","","","GCF_902713755_00100"
"g0250_0006__g0250","dnaX","DNA polymerase III subunit tau","1","0","1","58","1","NA","NA","","dnaX(1)","1098","1098","","","","","GCF_902713755_00157"
"g0280_0006__g0280","NA","hypothetical protein","1","0","1","59","1","NA","NA","","NA(1)","156","156","","GCF_000298385_00224","","",""
"g0278_0006__g0278","NA","hypothetical protein","1","0","1","60","1","NA","NA","","NA(1)","174","174","","","","","GCF_902713755_00109"
"g0282_0006__g0282","NA","hypothetical protein","1","0","1","61","1","NA","NA","","NA(1)","141","141","","","","GCF_002849995_00199",""
"g0265_0006__g0265","NA","hypothetical protein","1","0","1","62","1","NA","NA","","NA(1)","360","360","","","","GCF_002849995_00001",""
"g0248_0006__g0248","dnaN","Beta sliding clamp","1","0","1","63","1","NA","NA","","dnaN(1)","1203","1203","","","","","GCF_902713755_00237"
"g0275_0006__g0275","NA","hypothetical protein","1","0","1","64","1","NA","NA","","NA(1)","207","207","","","","GCF_002849995_00033",""
"g0022_2_0010__g0022_2","map","Methionine aminopeptidase","1","0","1","65","1","NA","NA","","map(1)","777","777","","","","","GCF_902713755_00016"
"g0262_0006__g0262","ruvC","Crossover junction endodeoxyribonuclease RuvC","1","0","1","66","1","NA","NA","","ruvC(1)","492","492","","","","","GCF_902713755_00182"
"g0253_0006__g0253","NA","hypothetical protein","1","0","1","67","1","NA","NA","","NA(1)","900","900","","","","","GCF_902713755_00071"
"g0245_0006__g0245","purA","Adenylosuccinate synthetase","1","0","1","68","1","NA","NA","","purA(1)","1320","1320","","","","","GCF_902713755_00167"
"g0279_0006__g0279","NA","hypothetical protein","1","0","1","69","1","NA","NA","","NA(1)","159","159","","","","GCF_002849995_00208",""
